id,name,country_id/id,city_id/id,state_id/id
rdx_alias_1,Antigua & Barbuda,base.ag,,
rdx_alias_2,Barbuda & Antigua,base.ag,,
rdx_alias_3,"Antigua &amp, Barbuda",base.ag,,
rdx_alias_4,Bonaire,base.bq,,
rdx_alias_5,Bosnia - Herzegovina,base.ba,,
rdx_alias_6,Brunei,base.bn,,
rdx_alias_7,Curacao,base.cw,,
rdx_alias_8,Czechia,base.cz,,
rdx_alias_9,Ivory Coast,base.ci,,
rdx_alias_10,cote d ivoire,base.ci,,
rdx_alias_11,Vatican City,base.va,,
rdx_alias_12,Vatican,base.va,,
rdx_alias_13,Macedonia,base.mk,,
rdx_alias_14,Micronesia,base.fm,,
rdx_alias_15,Burma,base.mm,,
rdx_alias_16,Pitcairn,base.pn,,
rdx_alias_17,Russia,base.ru,,
rdx_alias_18,Reunion,base.re,,
rdx_alias_19,Saint Bartelemey,base.bl,,
rdx_alias_20,Saint Helena,base.sh,,
rdx_alias_21,Saint Martin,base.mf,,
rdx_alias_22,Sint Maarten,base.sx,,
rdx_alias_23,Saint Maarten,base.sx,,
rdx_alias_24,USA,base.us,,
rdx_alias_25,United States of America,base.us,,
rdx_alias_26,America,base.us,,
rdx_alias_27,Virgin Islands British,base.vg,,
rdx_alias_28,Virgin Islands U.S.,base.vi,,
rdx_alias_29,Virgin Islands USA,base.vi,,
rdx_alias_30,Aland Islands,base.ax,,
rdx_alias_31,aland islands,base.ax,,
rdx_alias_32,Surakarta,,rdx_city_IDN_2,
rdx_alias_33,Tebing tinggi,,rdx_city_IDN_11,
rdx_alias_34,Makasar,,rdx_city_IDN_90,
rdx_alias_35,Bali,,rdx_city_IDN_36,
rdx_alias_36,Pematang Siantar,,rdx_city_IDN_24,
rdx_alias_37,Tanjung Pandan,,rdx_city_IDN_48,
rdx_alias_38,Ujung Pandang,,rdx_city_IDN_90,
rdx_alias_39,Pangkal Pinang,,rdx_city_IDN_96,
rdx_alias_40,‘Ajmān,,rdx_city_ARE_6,
rdx_alias_41,‘Amrān,,rdx_city_YEM_12,
rdx_alias_42,Abaí,,rdx_city_PRY_11,
rdx_alias_43,Abéché,,rdx_city_TCD_24,
rdx_alias_44,Aḑ Ḑāli‘,,rdx_city_YEM_13,
rdx_alias_45,Ad Damazīn,,rdx_city_SDN_23,
rdx_alias_46,Adapazarı,,rdx_city_TUR_51,
rdx_alias_47,Ādaži,,rdx_city_LVA_13,
rdx_alias_48,Adıyaman,,rdx_city_TUR_11,
rdx_alias_49,Ağrı,,rdx_city_TUR_74,
rdx_alias_50,Ahuachapán,,rdx_city_SLV_4,
rdx_alias_51,Aiguá,,rdx_city_URY_12,
rdx_alias_52,Ajdovščina,,rdx_city_SVN_29,
rdx_alias_53,Akmenė,,rdx_city_LTU_52,
rdx_alias_54,Aknīste,,rdx_city_LVA_54,
rdx_alias_55,Al ‘Azīzīyah,,rdx_city_LBY_2,
rdx_alias_56,Al Bāḩah,,rdx_city_SAU_10,
rdx_alias_57,Al Buraymī,,rdx_city_OMN_13,
rdx_alias_58,Al Ḩazm,,rdx_city_YEM_22,
rdx_alias_59,Al Jabīn,,rdx_city_YEM_3,
rdx_alias_60,Al Maḩwīt,,rdx_city_YEM_8,
rdx_alias_61,Ålesund,,rdx_city_NOR_20,
rdx_alias_62,Alūksne,,rdx_city_LVA_41,
rdx_alias_63,Añatuya,,rdx_city_ARG_109,
rdx_alias_64,Änew,,rdx_city_TKM_14,
rdx_alias_65,Angra do Heroísmo,,rdx_city_PRT_5,
rdx_alias_66,Anykščiai,,rdx_city_LTU_22,
rdx_alias_67,Apače,,rdx_city_SVN_208,
rdx_alias_68,Apatzingán,,rdx_city_MEX_51,
rdx_alias_69,Ar Rayyān,,rdx_city_QAT_6,
rdx_alias_70,Ar Rustāq,,rdx_city_OMN_3,
rdx_alias_71,Aračinovo,,rdx_city_MKD_13,
rdx_alias_72,Aranđelovac,,rdx_city_SRB_2,
rdx_alias_73,Areguá,,rdx_city_PRY_12,
rdx_alias_74,Ascensión,,rdx_city_MEX_155,
rdx_alias_75,Ash Shīḩānīyah,,rdx_city_QAT_8,
rdx_alias_76,Asunción,,rdx_city_PRY_29,
rdx_alias_77,Atakpamé,,rdx_city_TGO_3,
rdx_alias_78,Awbārī,,rdx_city_LBY_34,
rdx_alias_79,Aydın,,rdx_city_TUR_18,
rdx_alias_80,Az̧ Z̧a‘āyin,,rdx_city_QAT_1,
rdx_alias_81,Bà Rịa,,rdx_city_VNM_73,
rdx_alias_82,Babušnica,,rdx_city_SRB_134,
rdx_alias_83,Bač,,rdx_city_SRB_111,
rdx_alias_84,Bắc Giang,,rdx_city_VNM_9,
rdx_alias_85,Bắc Kạn,,rdx_city_VNM_13,
rdx_alias_86,Bạc Liêu,,rdx_city_VNM_72,
rdx_alias_87,Bắc Ninh,,rdx_city_VNM_10,
rdx_alias_88,Bacău,,rdx_city_ROU_21,
rdx_alias_89,Bačka Palanka,,rdx_city_SRB_112,
rdx_alias_90,Bačka Topola,,rdx_city_SRB_113,
rdx_alias_91,Bački Petrovac,,rdx_city_SRB_114,
rdx_alias_92,Bærum,,rdx_city_NOR_6,
rdx_alias_93,Bafoulabé,,rdx_city_MLI_26,
rdx_alias_94,Bahía Blanca,,rdx_city_ARG_151,
rdx_alias_95,Bajina Bašta,,rdx_city_SRB_109,
rdx_alias_96,Balancán,,rdx_city_MEX_98,
rdx_alias_97,Balıkesir,,rdx_city_TUR_46,
rdx_alias_98,Bălți,,rdx_city_MDA_21,
rdx_alias_99,Banská Bystrica,,rdx_city_SVK_8,
rdx_alias_100,Bardaï,,rdx_city_TCD_19,
rdx_alias_101,Bartın,,rdx_city_TUR_47,
rdx_alias_102,Batočina,,rdx_city_SRB_110,
rdx_alias_103,Bāzārak,,rdx_city_AFG_29,
rdx_alias_104,Bečej,,rdx_city_SRB_116,
rdx_alias_105,Béja,,rdx_city_TUN_14,
rdx_alias_106,Belčišta,,rdx_city_MKD_18,
rdx_alias_107,Belén,,rdx_city_PRY_9,
rdx_alias_108,Bella Unión,,rdx_city_URY_30,
rdx_alias_109,Béni Mellal,,rdx_city_MAR_6,
rdx_alias_110,Beočin,,rdx_city_SRB_145,
rdx_alias_111,Białystok,,rdx_city_POL_4,
rdx_alias_112,Biên Hòa,,rdx_city_VNM_47,
rdx_alias_113,Bingöl,,rdx_city_TUR_5,
rdx_alias_114,Birštonas,,rdx_city_LTU_30,
rdx_alias_115,Biržai,,rdx_city_LTU_21,
rdx_alias_116,Birżebbuġa,,rdx_city_MLT_1,
rdx_alias_117,Bistrița,,rdx_city_ROU_38,
rdx_alias_118,Bodø,,rdx_city_NOR_17,
rdx_alias_119,Bogatić,,rdx_city_SRB_117,
rdx_alias_120,Bollnäs,,rdx_city_SWE_25,
rdx_alias_121,Borås,,rdx_city_SWE_31,
rdx_alias_122,Borlänge,,rdx_city_SWE_33,
rdx_alias_123,Botoșani,,rdx_city_ROU_15,
rdx_alias_124,Bragança,,rdx_city_PRT_15,
rdx_alias_125,Brăila,,rdx_city_ROU_2,
rdx_alias_126,Braslovče,,rdx_city_SVN_42,
rdx_alias_127,Brașov,,rdx_city_ROU_24,
rdx_alias_128,Brežice,,rdx_city_SVN_43,
rdx_alias_129,Brocēni,,rdx_city_LVA_43,
rdx_alias_130,Buzău,,rdx_city_ROU_17,
rdx_alias_131,Cà Mau,,rdx_city_VNM_53,
rdx_alias_132,Caacupé,,rdx_city_PRY_15,
rdx_alias_133,Caazapá,,rdx_city_PRY_13,
rdx_alias_134,Čačak,,rdx_city_SRB_122,
rdx_alias_135,Čajetina,,rdx_city_SRB_143,
rdx_alias_136,Călăraşi,,rdx_city_MDA_33,
rdx_alias_137,Călărași,,rdx_city_ROU_6,
rdx_alias_138,Cẩm Phả,,rdx_city_VNM_23,
rdx_alias_139,Camaná,,rdx_city_PER_61,
rdx_alias_140,Çanakkale,,rdx_city_TUR_83,
rdx_alias_141,Cancún,,rdx_city_MEX_143,
rdx_alias_142,Çankırı,,rdx_city_TUR_44,
rdx_alias_143,Cao Bằng,,rdx_city_VNM_71,
rdx_alias_144,Cao Lãnh,,rdx_city_VNM_35,
rdx_alias_145,Carhué,,rdx_city_ARG_145,
rdx_alias_146,Carúpano,,rdx_city_VEN_51,
rdx_alias_147,Čaška,,rdx_city_MKD_46,
rdx_alias_148,Căuşeni,,rdx_city_MDA_3,
rdx_alias_149,Centar Župa,,rdx_city_MKD_50,
rdx_alias_150,Češinovo,,rdx_city_MKD_62,
rdx_alias_151,Cēsis,,rdx_city_LVA_61,
rdx_alias_152,Champotón,,rdx_city_MEX_145,
rdx_alias_153,Chascomús,,rdx_city_ARG_111,
rdx_alias_154,Châu Đốc,,rdx_city_VNM_25,
rdx_alias_155,Chersky,,rdx_city_RUS_463,
rdx_alias_156,Chișinău,,rdx_city_MDA_26,
rdx_alias_157,Chitré,,rdx_city_PAN_13,
rdx_alias_158,Ćićevac,,rdx_city_SRB_30,
rdx_alias_159,Cimişlia,,rdx_city_MDA_12,
rdx_alias_160,City of Parañaque,,rdx_city_PHL_17,
rdx_alias_161,Ciudad Bolívar,,rdx_city_VEN_8,
rdx_alias_162,Ciudad Constitución,,rdx_city_MEX_28,
rdx_alias_163,Ciudad Juárez,,rdx_city_MEX_156,
rdx_alias_164,Čoka,,rdx_city_SRB_121,
rdx_alias_165,Colón,,rdx_city_PAN_4,
rdx_alias_166,Concepción,,rdx_city_PRY_14,
rdx_alias_167,Concepción del Uruguay,,rdx_city_ARG_104,
rdx_alias_168,Constanța,,rdx_city_ROU_16,
rdx_alias_169,Córdoba,,rdx_city_MEX_187,
rdx_alias_170,Córdoba,,rdx_city_ARG_41,
rdx_alias_171,Coronel Suárez,,rdx_city_ARG_143,
rdx_alias_172,Çorovodë,,rdx_city_ALB_9,
rdx_alias_173,Covilhã,,rdx_city_PRT_23,
rdx_alias_174,Črenšovci,,rdx_city_SVN_52,
rdx_alias_175,Črna na Koroškem,,rdx_city_SVN_53,
rdx_alias_176,Črnomelj,,rdx_city_SVN_54,
rdx_alias_177,Cuauhtémoc,,rdx_city_MEX_172,
rdx_alias_178,Čučer-Sandevo,,rdx_city_MKD_28,
rdx_alias_179,Culiacán,,rdx_city_MEX_59,
rdx_alias_180,Cumaná,,rdx_city_VEN_10,
rdx_alias_181,Ćuprija,,rdx_city_SRB_33,
rdx_alias_182,Cutral Có,,rdx_city_ARG_32,
rdx_alias_183,Đà Lạt,,rdx_city_VNM_33,
rdx_alias_184,Đà Nẵng,,rdx_city_VNM_31,
rdx_alias_185,Daşoguz,,rdx_city_TKM_2,
rdx_alias_186,Deçan,,rdx_city_XKS_22,
rdx_alias_187,Delčevo,,rdx_city_MKD_60,
rdx_alias_188,Điện Biên Phủ,,rdx_city_VNM_59,
rdx_alias_189,Divača,,rdx_city_SVN_124,
rdx_alias_190,Diyarbakır,,rdx_city_TUR_79,
rdx_alias_191,Djenné,,rdx_city_MLI_24,
rdx_alias_192,Domžale,,rdx_city_SVN_115,
rdx_alias_193,Donduşeni,,rdx_city_MDA_18,
rdx_alias_194,Đông Hà,,rdx_city_VNM_6,
rdx_alias_195,Đồng Hới,,rdx_city_VNM_36,
rdx_alias_196,Đồng Xoài,,rdx_city_VNM_42,
rdx_alias_197,Drabeši,,rdx_city_LVA_60,
rdx_alias_198,Dubăsari,,rdx_city_MDA_31,
rdx_alias_199,Durrës,,rdx_city_ALB_14,
rdx_alias_200,Düzce,,rdx_city_TUR_48,
rdx_alias_201,Edineţ,,rdx_city_MDA_15,
rdx_alias_202,El Maitén,,rdx_city_ARG_38,
rdx_alias_203,Elâzığ,,rdx_city_TUR_65,
rdx_alias_204,Elbląg,,rdx_city_POL_23,
rdx_alias_205,Elektrėnai,,rdx_city_LTU_35,
rdx_alias_206,Ełk,,rdx_city_POL_24,
rdx_alias_207,Encarnación,,rdx_city_PRY_18,
rdx_alias_208,Ereğli,,rdx_city_TUR_90,
rdx_alias_209,Ērgļi,,rdx_city_LVA_62,
rdx_alias_210,Ersekë,,rdx_city_ALB_12,
rdx_alias_211,Eskişehir,,rdx_city_TUR_50,
rdx_alias_212,Estelí,,rdx_city_NIC_10,
rdx_alias_213,Évora,,rdx_city_PRT_4,
rdx_alias_214,Făleşti,,rdx_city_MDA_6,
rdx_alias_215,Ferreñafe,,rdx_city_PER_82,
rdx_alias_216,Floreşti,,rdx_city_MDA_7,
rdx_alias_217,Focșani,,rdx_city_ROU_22,
rdx_alias_218,Fushë Kosovë,,rdx_city_XKS_11,
rdx_alias_219,Gabès,,rdx_city_TUN_3,
rdx_alias_220,Gadžin Han,,rdx_city_SRB_4,
rdx_alias_221,Galați,,rdx_city_ROU_18,
rdx_alias_222,Gävle,,rdx_city_SWE_12,
rdx_alias_223,Gdańsk,,rdx_city_POL_9,
rdx_alias_224,Għajnsielem,,rdx_city_MLT_67,
rdx_alias_225,Għarb,,rdx_city_MLT_68,
rdx_alias_226,Għargħur,,rdx_city_MLT_34,
rdx_alias_227,Għasri,,rdx_city_MLT_31,
rdx_alias_228,Għaxaq,,rdx_city_MLT_30,
rdx_alias_229,Gia Nghĩa,,rdx_city_VNM_30,
rdx_alias_230,Gjakovë,,rdx_city_XKS_20,
rdx_alias_231,Gjirokastër,,rdx_city_ALB_4,
rdx_alias_232,Gjøvik,,rdx_city_NOR_26,
rdx_alias_233,Gómez Palacio,,rdx_city_MEX_118,
rdx_alias_234,Gorišnica,,rdx_city_SVN_120,
rdx_alias_235,Gorzów Wielkopolski,,rdx_city_POL_16,
rdx_alias_236,Göteborg,,rdx_city_SWE_7,
rdx_alias_237,Gouré,,rdx_city_NER_12,
rdx_alias_238,Goz Beïda,,rdx_city_TCD_21,
rdx_alias_239,Graçanicë,,rdx_city_XKS_37,
rdx_alias_240,Granada‎,,rdx_city_NIC_5,
rdx_alias_241,Grobiņa,,rdx_city_LVA_64,
rdx_alias_242,Grudziądz,,rdx_city_POL_18,
rdx_alias_243,Gualeguaychú,,rdx_city_ARG_105,
rdx_alias_244,Guamúchil,,rdx_city_MEX_139,
rdx_alias_245,Gümüşhane,,rdx_city_TUR_70,
rdx_alias_246,Gżira,,rdx_city_MLT_44,
rdx_alias_247,Hà Tĩnh,,rdx_city_VNM_48,
rdx_alias_248,Hakkâri,,rdx_city_TUR_68,
rdx_alias_249,Halachó,,rdx_city_MEX_52,
rdx_alias_250,Ħamrun,,rdx_city_MLT_28,
rdx_alias_251,Härnösand,,rdx_city_SWE_19,
rdx_alias_252,Haymā’,,rdx_city_OMN_4,
rdx_alias_253,Hînceşti,,rdx_city_MDA_35,
rdx_alias_254,Hodoš,,rdx_city_SVN_73,
rdx_alias_255,Hrib-Loški Potok,,rdx_city_SVN_85,
rdx_alias_256,Huajuapan de León,,rdx_city_MEX_46,
rdx_alias_257,Huánuco,,rdx_city_PER_51,
rdx_alias_258,Hưng Yên,,rdx_city_VNM_22,
rdx_alias_259,Iași,,rdx_city_ROU_42,
rdx_alias_260,Ibrā’,,rdx_city_OMN_10,
rdx_alias_261,Idrī,,rdx_city_LBY_12,
rdx_alias_262,Iğdır,,rdx_city_TUR_7,
rdx_alias_263,Ikšķile,,rdx_city_LVA_96,
rdx_alias_264,Ilūkste,,rdx_city_LVA_36,
rdx_alias_265,Imġarr,,rdx_city_MLT_24,
rdx_alias_266,Inčukalns,,rdx_city_LVA_98,
rdx_alias_267,Inđija,,rdx_city_SRB_67,
rdx_alias_268,Inowrocław,,rdx_city_POL_19,
rdx_alias_269,İskenderun,,rdx_city_TUR_20,
rdx_alias_270,Itá,,rdx_city_PRY_32,
rdx_alias_271,Ivančna Gorica,,rdx_city_SVN_61,
rdx_alias_272,İzmir,,rdx_city_TUR_76,
rdx_alias_273,İzmit,,rdx_city_TUR_52,
rdx_alias_274,Jaén,,rdx_city_PER_8,
rdx_alias_275,Jaqué,,rdx_city_PAN_5,
rdx_alias_276,Jēkabpils,,rdx_city_LVA_3,
rdx_alias_277,Joaquín V. González,,rdx_city_ARG_129,
rdx_alias_278,Joniškis,,rdx_city_LTU_40,
rdx_alias_279,Jönköping,,rdx_city_SWE_10,
rdx_alias_280,José Batlle y Ordóñez,,rdx_city_URY_7,
rdx_alias_281,Juan José Castelli,,rdx_city_ARG_88,
rdx_alias_282,Juanjuí,,rdx_city_PER_13,
rdx_alias_283,Junín,,rdx_city_PER_60,
rdx_alias_284,Junín,,rdx_city_ARG_126,
rdx_alias_285,Jūrmala,,rdx_city_LVA_22,
rdx_alias_286,Juršinci,,rdx_city_SVN_87,
rdx_alias_287,Kaçanik,,rdx_city_XKS_12,
rdx_alias_288,Kaédi,,rdx_city_MRT_16,
rdx_alias_289,Kaédi,,rdx_city_SEN_5,
rdx_alias_290,Kahramanmaraş,,rdx_city_TUR_21,
rdx_alias_291,Kaišiadorys,,rdx_city_LTU_38,
rdx_alias_292,Kamenicë,,rdx_city_XKS_4,
rdx_alias_293,Kanjiža,,rdx_city_SRB_70,
rdx_alias_294,Karabük,,rdx_city_TUR_34,
rdx_alias_295,Kārsava,,rdx_city_LVA_30,
rdx_alias_296,Kazlų Rūda,,rdx_city_LTU_41,
rdx_alias_297,Kėdainiai,,rdx_city_LTU_32,
rdx_alias_298,Kédougou,,rdx_city_SEN_15,
rdx_alias_299,Ķegums,,rdx_city_LVA_57,
rdx_alias_300,Ķekava,,rdx_city_LVA_101,
rdx_alias_301,Kelmė,,rdx_city_LTU_24,
rdx_alias_302,Kerċem,,rdx_city_MLT_47,
rdx_alias_303,Khaşab,,rdx_city_OMN_6,
rdx_alias_304,Khōst,,rdx_city_AFG_22,
rdx_alias_305,Kičevo,,rdx_city_MKD_59,
rdx_alias_306,Kidričevo,,rdx_city_SVN_90,
rdx_alias_307,Kırıkkale,,rdx_city_TUR_31,
rdx_alias_308,Kırklareli,,rdx_city_TUR_60,
rdx_alias_309,Kırşehir,,rdx_city_TUR_33,
rdx_alias_310,Klaipėda,,rdx_city_LTU_1,
rdx_alias_311,Klinë,,rdx_city_XKS_13,
rdx_alias_312,Knić,,rdx_city_SRB_72,
rdx_alias_313,Knjaževac,,rdx_city_SRB_137,
rdx_alias_314,Kočani,,rdx_city_MKD_2,
rdx_alias_315,Kocēni,,rdx_city_LVA_83,
rdx_alias_316,Kočevje,,rdx_city_SVN_93,
rdx_alias_317,Kolašin,,rdx_city_MNE_6,
rdx_alias_318,Konče,,rdx_city_MKD_55,
rdx_alias_319,Koné,,rdx_city_NCL_1,
rdx_alias_320,Korçë,,rdx_city_ALB_2,
rdx_alias_321,Košice,,rdx_city_SVK_5,
rdx_alias_322,Kosjerić,,rdx_city_SRB_74,
rdx_alias_323,Kovačica,,rdx_city_SRB_75,
rdx_alias_324,Kpalimé,,rdx_city_TGO_2,
rdx_alias_325,Kraków,,rdx_city_POL_13,
rdx_alias_326,Krāslava,,rdx_city_LVA_32,
rdx_alias_327,Krivogaštani,,rdx_city_MKD_40,
rdx_alias_328,Križevci pri Ljutomeru,,rdx_city_SVN_58,
rdx_alias_329,Krško,,rdx_city_SVN_59,
rdx_alias_330,Krujë,,rdx_city_ALB_6,
rdx_alias_331,Kruševac,,rdx_city_SRB_25,
rdx_alias_332,Kruševo,,rdx_city_MKD_41,
rdx_alias_333,Kučevo,,rdx_city_SRB_15,
rdx_alias_334,Kukës,,rdx_city_ALB_16,
rdx_alias_335,Kuldīga,,rdx_city_LVA_10,
rdx_alias_336,Kupiškis,,rdx_city_LTU_19,
rdx_alias_337,Kuršumlija,,rdx_city_SRB_138,
rdx_alias_338,Kütahya,,rdx_city_TUR_59,
rdx_alias_339,La Asunción,,rdx_city_VEN_27,
rdx_alias_340,La Unión,,rdx_city_SLV_7,
rdx_alias_341,Laï,,rdx_city_TCD_10,
rdx_alias_342,Lai Châu,,rdx_city_VNM_58,
rdx_alias_343,Lạng Sơn,,rdx_city_VNM_66,
rdx_alias_344,Laško,,rdx_city_SVN_80,
rdx_alias_345,Lázaro Cárdenas,,rdx_city_MEX_24,
rdx_alias_346,León,,rdx_city_MEX_87,
rdx_alias_347,León,,rdx_city_NIC_9,
rdx_alias_348,Lezhë,,rdx_city_ALB_18,
rdx_alias_349,Libertador General San Martín,,rdx_city_ARG_51,
rdx_alias_350,Lieģi,,rdx_city_LVA_80,
rdx_alias_351,Lielvārde,,rdx_city_LVA_97,
rdx_alias_352,Līgatne,,rdx_city_LVA_102,
rdx_alias_353,Limbaži,,rdx_city_LVA_33,
rdx_alias_354,Linköping,,rdx_city_SWE_9,
rdx_alias_355,Liquiçá,,rdx_city_TLS_9,
rdx_alias_356,Līvāni,,rdx_city_LVA_40,
rdx_alias_357,Łódź,,rdx_city_POL_1,
rdx_alias_358,Lomé,,rdx_city_TGO_1,
rdx_alias_359,Lubāna,,rdx_city_LVA_51,
rdx_alias_360,Lučani,,rdx_city_SRB_86,
rdx_alias_361,Luče,,rdx_city_SVN_169,
rdx_alias_362,Lüderitz,,rdx_city_NAM_13,
rdx_alias_363,Luján,,rdx_city_ARG_121,
rdx_alias_364,Lukovica pri Domžalah,,rdx_city_SVN_170,
rdx_alias_365,Luleå,,rdx_city_SWE_15,
rdx_alias_366,Lüleburgaz,,rdx_city_TUR_81,
rdx_alias_367,Lushnjë,,rdx_city_ALB_11,
rdx_alias_368,Madīnat ash Shamāl,,rdx_city_QAT_4,
rdx_alias_369,Maīdān Shahr,,rdx_city_AFG_9,
rdx_alias_370,Maiquetía,,rdx_city_VEN_41,
rdx_alias_371,Majšperk,,rdx_city_SVN_171,
rdx_alias_372,Malargüe,,rdx_city_ARG_46,
rdx_alias_373,Malé,,rdx_city_MDV_1,
rdx_alias_374,Mali Iđoš,,rdx_city_SRB_87,
rdx_alias_375,Malishevë,,rdx_city_XKS_1,
rdx_alias_376,Malmö,,rdx_city_SWE_13,
rdx_alias_377,Malo Crniće,,rdx_city_SRB_89,
rdx_alias_378,Mālpils,,rdx_city_LVA_99,
rdx_alias_379,Maltahöhe,,rdx_city_NAM_22,
rdx_alias_380,Mamushë,,rdx_city_XKS_27,
rdx_alias_381,Mar de Ajó,,rdx_city_ARG_31,
rdx_alias_382,Marijampolė,,rdx_city_LTU_25,
rdx_alias_383,Mārupe,,rdx_city_LVA_23,
rdx_alias_384,Maturín,,rdx_city_VEN_16,
rdx_alias_385,Mazatlán,,rdx_city_MEX_13,
rdx_alias_386,Mazatlán,,rdx_city_MEX_160,
rdx_alias_387,Mažeikiai,,rdx_city_LTU_51,
rdx_alias_388,Medveđa,,rdx_city_SRB_139,
rdx_alias_389,Mellieħa,,rdx_city_MLT_48,
rdx_alias_390,Ménaka,,rdx_city_MLI_29,
rdx_alias_391,Mengeš,,rdx_city_SVN_165,
rdx_alias_392,Mérida,,rdx_city_MEX_36,
rdx_alias_393,Merošina,,rdx_city_SRB_21,
rdx_alias_394,Mērsrags,,rdx_city_LVA_20,
rdx_alias_395,Mežica,,rdx_city_SVN_167,
rdx_alias_396,Miahuatlán,,rdx_city_MEX_25,
rdx_alias_397,Miklavž na Dravskem Polju,,rdx_city_SVN_13,
rdx_alias_398,Minatitlán,,rdx_city_MEX_111,
rdx_alias_399,Mirna Peč,,rdx_city_SVN_108,
rdx_alias_400,Mitrovicë,,rdx_city_XKS_34,
rdx_alias_401,Molėtai,,rdx_city_LTU_16,
rdx_alias_402,Moravče,,rdx_city_SVN_100,
rdx_alias_403,Mörön,,rdx_city_MNG_4,
rdx_alias_404,Muang Phôn-Hông,,rdx_city_LAO_5,
rdx_alias_405,Muang Phônsavan,,rdx_city_LAO_2,
rdx_alias_406,Muğla,,rdx_city_TUR_57,
rdx_alias_407,Mūrmuiža,,rdx_city_LVA_66,
rdx_alias_408,Muş,,rdx_city_TUR_75,
rdx_alias_409,Mỹ Tho,,rdx_city_VNM_8,
rdx_alias_410,Nacozari de García,,rdx_city_MEX_1,
rdx_alias_411,Ñacunday,,rdx_city_PRY_4,
rdx_alias_412,Nam Định,,rdx_city_VNM_65,
rdx_alias_413,Naukšēni,,rdx_city_LVA_79,
rdx_alias_414,Neuquén,,rdx_city_ARG_40,
rdx_alias_415,Nevşehir,,rdx_city_TUR_36,
rdx_alias_416,Nīca,,rdx_city_LVA_37,
rdx_alias_417,Niğde,,rdx_city_TUR_30,
rdx_alias_418,Nikšić,,rdx_city_MNE_16,
rdx_alias_419,Nīlī,,rdx_city_AFG_28,
rdx_alias_420,Ninh Bình,,rdx_city_VNM_64,
rdx_alias_421,Niš,,rdx_city_SRB_5,
rdx_alias_422,Norrköping,,rdx_city_SWE_29,
rdx_alias_423,Nouméa,,rdx_city_NCL_3,
rdx_alias_424,Nova Varoš,,rdx_city_SRB_92,
rdx_alias_425,Novi Bečej,,rdx_city_SRB_93,
rdx_alias_426,Novi Kneževac,,rdx_city_SRB_94,
rdx_alias_427,Novobërdë,,rdx_city_XKS_36,
rdx_alias_428,Nyköping,,rdx_city_SWE_6,
rdx_alias_429,Ocniţa,,rdx_city_MDA_16,
rdx_alias_430,Odžaci,,rdx_city_SRB_97,
rdx_alias_431,Olavarría,,rdx_city_ARG_146,
rdx_alias_432,Örebro,,rdx_city_SWE_3,
rdx_alias_433,Ormož,,rdx_city_SVN_104,
rdx_alias_434,Örnsköldsvik,,rdx_city_SWE_27,
rdx_alias_435,Osečina,,rdx_city_SRB_99,
rdx_alias_436,Östersund,,rdx_city_SWE_4,
rdx_alias_437,Pagėgiai,,rdx_city_LTU_46,
rdx_alias_438,Pančevo,,rdx_city_SRB_100,
rdx_alias_439,Panevežys,,rdx_city_LTU_39,
rdx_alias_440,Pánuco,,rdx_city_MEX_180,
rdx_alias_441,Paraćin,,rdx_city_SRB_32,
rdx_alias_442,Paraguarí,,rdx_city_PRY_23,
rdx_alias_443,Paraíso,,rdx_city_MEX_119,
rdx_alias_444,Paraná,,rdx_city_ARG_10,
rdx_alias_445,Pārūn,,rdx_city_AFG_40,
rdx_alias_446,Pāvilosta,,rdx_city_LVA_11,
rdx_alias_447,Paysandú,,rdx_city_URY_23,
rdx_alias_448,Pećinci,,rdx_city_SRB_101,
rdx_alias_449,Pehčevo,,rdx_city_MKD_67,
rdx_alias_450,Pejë,,rdx_city_XKS_15,
rdx_alias_451,Perm’,,rdx_city_RUS_269,
rdx_alias_452,Përmet,,rdx_city_ALB_20,
rdx_alias_453,Petatlán,,rdx_city_MEX_66,
rdx_alias_454,Phủ Lý,,rdx_city_VNM_63,
rdx_alias_455,Pietà,,rdx_city_MLT_5,
rdx_alias_456,Pilsrundāle,,rdx_city_LVA_94,
rdx_alias_457,Piņķi,,rdx_city_LVA_12,
rdx_alias_458,Pitești,,rdx_city_ROU_25,
rdx_alias_459,Plandište,,rdx_city_SRB_102,
rdx_alias_460,Pļaviņas,,rdx_city_LVA_76,
rdx_alias_461,Ploiești,,rdx_city_ROU_12,
rdx_alias_462,Plungė,,rdx_city_LTU_8,
rdx_alias_463,Plužine,,rdx_city_MNE_17,
rdx_alias_464,Podčetrtek,,rdx_city_SVN_28,
rdx_alias_465,Podujevë,,rdx_city_XKS_10,
rdx_alias_466,Polatlı,,rdx_city_TUR_38,
rdx_alias_467,Poljčane,,rdx_city_SVN_15,
rdx_alias_468,Portimão,,rdx_city_PRT_24,
rdx_alias_469,Požarevac,,rdx_city_SRB_103,
rdx_alias_470,Požega,,rdx_city_SRB_104,
rdx_alias_471,Poznań,,rdx_city_POL_5,
rdx_alias_472,Preiļi,,rdx_city_LVA_34,
rdx_alias_473,Preševo,,rdx_city_SRB_126,
rdx_alias_474,Prešov,,rdx_city_SVK_4,
rdx_alias_475,Priekuļi,,rdx_city_LVA_86,
rdx_alias_476,Probištip,,rdx_city_MKD_48,
rdx_alias_477,Puerto San Julián,,rdx_city_ARG_79,
rdx_alias_478,Pukë,,rdx_city_ALB_5,
rdx_alias_479,Pul-e ‘Alam,,rdx_city_AFG_39,
rdx_alias_480,Qacha’s Nek,,rdx_city_LSO_5,
rdx_alias_481,Quảng Ngãi,,rdx_city_VNM_11,
rdx_alias_482,Quảng Trị,,rdx_city_VNM_1,
rdx_alias_483,Querétaro,,rdx_city_MEX_86,
rdx_alias_484,Rača,,rdx_city_SRB_40,
rdx_alias_485,Rače,,rdx_city_SVN_17,
rdx_alias_486,Rạch Giá,,rdx_city_VNM_39,
rdx_alias_487,Radeče,,rdx_city_SVN_24,
rdx_alias_488,Radoviš,,rdx_city_MKD_4,
rdx_alias_489,Radviliškis,,rdx_city_LTU_28,
rdx_alias_490,Raška,,rdx_city_SRB_41,
rdx_alias_491,Ravne na Koroškem,,rdx_city_SVN_133,
rdx_alias_492,Ražanj,,rdx_city_SRB_31,
rdx_alias_493,Razkrižje,,rdx_city_SVN_162,
rdx_alias_494,Rečica ob Savinji,,rdx_city_SVN_2,
rdx_alias_495,Reșița,,rdx_city_ROU_5,
rdx_alias_496,Rēzekne,,rdx_city_LVA_111,
rdx_alias_497,Riebiņi,,rdx_city_LVA_45,
rdx_alias_498,Río Colorado,,rdx_city_ARG_20,
rdx_alias_499,Río Cuarto,,rdx_city_ARG_102,
rdx_alias_500,Río Gallegos,,rdx_city_ARG_8,
rdx_alias_501,Río Tercero,,rdx_city_ARG_45,
rdx_alias_502,Rîşcani,,rdx_city_MDA_4,
rdx_alias_503,Rogaška Slatina,,rdx_city_SVN_8,
rdx_alias_504,Rogašovci,,rdx_city_SVN_9,
rdx_alias_505,Rokiškis,,rdx_city_LTU_15,
rdx_alias_506,Ropaži,,rdx_city_LVA_90,
rdx_alias_507,Rørvik,,rdx_city_NOR_31,
rdx_alias_508,Rostuša,,rdx_city_MKD_26,
rdx_alias_509,Rožaje,,rdx_city_MNE_19,
rdx_alias_510,Rrëshen,,rdx_city_ALB_8,
rdx_alias_511,Rugāji,,rdx_city_LVA_44,
rdx_alias_512,Rūjiena,,rdx_city_LVA_78,
rdx_alias_513,Ruše,,rdx_city_SVN_11,
rdx_alias_514,Rzeszów,,rdx_city_POL_12,
rdx_alias_515,Šabac,,rdx_city_SRB_107,
rdx_alias_516,Saint Paul’s Bay,,rdx_city_MLT_25,
rdx_alias_517,Šakiai,,rdx_city_LTU_27,
rdx_alias_518,Salacgrīva,,rdx_city_LVA_4,
rdx_alias_519,Šalčininkai,,rdx_city_LTU_17,
rdx_alias_520,Šalovci,,rdx_city_SVN_5,
rdx_alias_521,Salto del Guairá,,rdx_city_PRY_28,
rdx_alias_522,San Cristóbal,,rdx_city_VEN_19,
rdx_alias_523,San Ġiljan,,rdx_city_MLT_54,
rdx_alias_524,San Ġwann,,rdx_city_MLT_55,
rdx_alias_525,San José de Mayo,,rdx_city_URY_32,
rdx_alias_526,San Juan del Río,,rdx_city_MEX_110,
rdx_alias_527,San Luis Potosí,,rdx_city_MEX_58,
rdx_alias_528,San Martín,,rdx_city_ARG_81,
rdx_alias_529,San Quintín,,rdx_city_MEX_7,
rdx_alias_530,San Ramón de la Nueva Orán,,rdx_city_ARG_127,
rdx_alias_531,Sankt Pölten,,rdx_city_AUT_7,
rdx_alias_532,Şanlıurfa,,rdx_city_TUR_91,
rdx_alias_533,Sant Julià de Lòria,,rdx_city_AND_6,
rdx_alias_534,Santa Lucía,,rdx_city_URY_3,
rdx_alias_535,Santa Luċija,,rdx_city_MLT_56,
rdx_alias_536,Santa Rosalía,,rdx_city_MEX_125,
rdx_alias_537,Santarém,,rdx_city_PRT_6,
rdx_alias_538,Santo António,,rdx_city_STP_1,
rdx_alias_539,Santo António,,rdx_city_STP_6,
rdx_alias_540,São João dos Angolares,,rdx_city_STP_7,
rdx_alias_541,São Tomé,,rdx_city_STP_2,
rdx_alias_542,Sarandë,,rdx_city_ALB_19,
rdx_alias_543,Satupa‘itea,,rdx_city_WSM_11,
rdx_alias_544,Šavnik,,rdx_city_MNE_20,
rdx_alias_545,Sečanj,,rdx_city_SRB_44,
rdx_alias_546,Sédhiou,,rdx_city_SEN_2,
rdx_alias_547,Ségou,,rdx_city_MLI_11,
rdx_alias_548,Sélibaby,,rdx_city_MRT_7,
rdx_alias_549,Semič,,rdx_city_SVN_4,
rdx_alias_550,Šempeter pri Gorici,,rdx_city_SVN_155,
rdx_alias_551,Šenčur,,rdx_city_SVN_154,
rdx_alias_552,Šentilj,,rdx_city_SVN_156,
rdx_alias_553,Šentjernej,,rdx_city_SVN_157,
rdx_alias_554,Šentjur,,rdx_city_SVN_134,
rdx_alias_555,Šentrupert,,rdx_city_SVN_135,
rdx_alias_556,Setúbal,,rdx_city_PRT_2,
rdx_alias_557,Sevastopol’,,rdx_city_UKR_47,
rdx_alias_558,Sežana,,rdx_city_SVN_158,
rdx_alias_559,Shkodër,,rdx_city_ALB_10,
rdx_alias_560,Shtërpcë,,rdx_city_XKS_6,
rdx_alias_561,Šiauliai,,rdx_city_LTU_29,
rdx_alias_562,Šid,,rdx_city_SRB_106,
rdx_alias_563,Siġġiewi,,rdx_city_MLT_36,
rdx_alias_564,Šilalė,,rdx_city_LTU_9,
rdx_alias_565,Šilutė,,rdx_city_LTU_6,
rdx_alias_566,Simferopol’,,rdx_city_UKR_18,
rdx_alias_567,Sîngerei,,rdx_city_MDA_5,
rdx_alias_568,Şırnak,,rdx_city_TUR_67,
rdx_alias_569,Širvintos,,rdx_city_LTU_49,
rdx_alias_570,Skellefteå,,rdx_city_SWE_24,
rdx_alias_571,Škocjan,,rdx_city_SVN_159,
rdx_alias_572,Škofja Loka,,rdx_city_SVN_160,
rdx_alias_573,Škofljica,,rdx_city_SVN_161,
rdx_alias_574,Skrīveri,,rdx_city_LVA_72,
rdx_alias_575,Smārde,,rdx_city_LVA_19,
rdx_alias_576,Šmarje pri Jelšah,,rdx_city_SVN_153,
rdx_alias_577,Šmarješke Toplice,,rdx_city_SVN_210,
rdx_alias_578,Šmartno ob Paki,,rdx_city_SVN_146,
rdx_alias_579,Šmartno pri Litiji,,rdx_city_SVN_147,
rdx_alias_580,Sóc Trăng,,rdx_city_VNM_40,
rdx_alias_581,Sodražica,,rdx_city_SVN_148,
rdx_alias_582,Söke,,rdx_city_TUR_62,
rdx_alias_583,Sokodé,,rdx_city_TGO_6,
rdx_alias_584,Solčava,,rdx_city_SVN_149,
rdx_alias_585,Şoldăneşti,,rdx_city_MDA_8,
rdx_alias_586,Sơn La,,rdx_city_VNM_62,
rdx_alias_587,Sơn Tây,,rdx_city_VNM_18,
rdx_alias_588,Sopište,,rdx_city_MKD_5,
rdx_alias_589,Šoštanj,,rdx_city_SVN_141,
rdx_alias_590,Spodnje Hoče,,rdx_city_SVN_72,
rdx_alias_591,Središče ob Dravi,,rdx_city_SVN_142,
rdx_alias_592,Stari Trg pri Ložu,,rdx_city_SVN_84,
rdx_alias_593,Staro Nagoričane,,rdx_city_MKD_3,
rdx_alias_594,Starše,,rdx_city_SVN_143,
rdx_alias_595,Ştefan Vodă,,rdx_city_MDA_9,
rdx_alias_596,Štip,,rdx_city_MKD_33,
rdx_alias_597,Štore,,rdx_city_SVN_144,
rdx_alias_598,Straşeni,,rdx_city_MDA_27,
rdx_alias_599,Straža,,rdx_city_SVN_138,
rdx_alias_600,Strenči,,rdx_city_LVA_65,
rdx_alias_601,Studeničani,,rdx_city_MKD_14,
rdx_alias_602,Şuḩār,,rdx_city_OMN_9,
rdx_alias_603,Suharekë,,rdx_city_XKS_32,
rdx_alias_604,Şūr,,rdx_city_OMN_5,
rdx_alias_605,Švenčionys,,rdx_city_LTU_14,
rdx_alias_606,Sveti Jurij ob Ščavnici,,rdx_city_SVN_145,
rdx_alias_607,Svolvær,,rdx_city_NOR_19,
rdx_alias_608,Ta’ Xbiex,,rdx_city_MLT_10,
rdx_alias_609,Tacuarembó,,rdx_city_URY_27,
rdx_alias_610,Tam Kỳ,,rdx_city_VNM_29,
rdx_alias_611,Tamuín,,rdx_city_MEX_135,
rdx_alias_612,Târgoviște,,rdx_city_ROU_37,
rdx_alias_613,Târgu Jiu,,rdx_city_ROU_31,
rdx_alias_614,Tauragė,,rdx_city_LTU_5,
rdx_alias_615,Tây Ninh,,rdx_city_VNM_57,
rdx_alias_616,Tazovsky,,rdx_city_RUS_376,
rdx_alias_617,Tekirdağ,,rdx_city_TUR_58,
rdx_alias_618,Teleneşti,,rdx_city_MDA_29,
rdx_alias_619,Telšiai,,rdx_city_LTU_23,
rdx_alias_620,Tepelenë,,rdx_city_ALB_7,
rdx_alias_621,Tērvete,,rdx_city_LVA_109,
rdx_alias_622,Teziutlán,,rdx_city_MEX_34,
rdx_alias_623,Thái Bình,,rdx_city_VNM_61,
rdx_alias_624,Thái Nguyên,,rdx_city_VNM_60,
rdx_alias_625,Thanh Hóa,,rdx_city_VNM_2,
rdx_alias_626,Thiès,,rdx_city_SEN_9,
rdx_alias_627,Tillabéri,,rdx_city_NER_14,
rdx_alias_628,Timișoara,,rdx_city_ROU_4,
rdx_alias_629,Tingo María,,rdx_city_PER_50,
rdx_alias_630,Tišina,,rdx_city_SVN_204,
rdx_alias_631,Tizimín,,rdx_city_MEX_99,
rdx_alias_632,Tôlanaro,,rdx_city_MDG_27,
rdx_alias_633,Tomaž pri Ormožu,,rdx_city_SVN_174,
rdx_alias_634,Tômbua,,rdx_city_AGO_47,
rdx_alias_635,Tønsberg,,rdx_city_NOR_15,
rdx_alias_636,Torreón,,rdx_city_MEX_132,
rdx_alias_637,Trenčín,,rdx_city_SVK_6,
rdx_alias_638,Trgovište,,rdx_city_SRB_123,
rdx_alias_639,Trollhättan,,rdx_city_SWE_26,
rdx_alias_640,Tromsø,,rdx_city_NOR_1,
rdx_alias_641,Tržič,,rdx_city_SVN_179,
rdx_alias_642,Tucumán,,rdx_city_ARG_36,
rdx_alias_643,Tunuyán,,rdx_city_ARG_83,
rdx_alias_644,Türkmenabat,,rdx_city_TKM_8,
rdx_alias_645,Türkmenbaşy,,rdx_city_TKM_1,
rdx_alias_646,Turnišče,,rdx_city_SVN_180,
rdx_alias_647,Tuxtla Gutiérrez,,rdx_city_MEX_94,
rdx_alias_648,Tuy Hòa,,rdx_city_VNM_26,
rdx_alias_649,Tuyên Quang,,rdx_city_VNM_74,
rdx_alias_650,Uíge,,rdx_city_AGO_30,
rdx_alias_651,Ukmergė,,rdx_city_LTU_53,
rdx_alias_652,Umeå,,rdx_city_SWE_21,
rdx_alias_653,Umm Şalāl ‘Alī,,rdx_city_QAT_5,
rdx_alias_654,Un’goofaaru,,rdx_city_MDV_13,
rdx_alias_655,Unión Chocó,,rdx_city_PAN_8,
rdx_alias_656,Uşak,,rdx_city_TUR_61,
rdx_alias_657,Usulután,,rdx_city_SLV_14,
rdx_alias_658,Užice,,rdx_city_SRB_59,
rdx_alias_659,Vadsø,,rdx_city_NOR_30,
rdx_alias_660,Vaiņode,,rdx_city_LVA_106,
rdx_alias_661,Valparaíso,,rdx_city_MEX_153,
rdx_alias_662,Varakļāni,,rdx_city_LVA_47,
rdx_alias_663,Varėna,,rdx_city_LTU_54,
rdx_alias_664,Västerås,,rdx_city_SWE_1,
rdx_alias_665,Växjö,,rdx_city_SWE_14,
rdx_alias_666,Vecvārkava,,rdx_city_LVA_35,
rdx_alias_667,Velike Lašče,,rdx_city_SVN_182,
rdx_alias_668,Veliko Gradište,,rdx_city_SRB_61,
rdx_alias_669,Veržej,,rdx_city_SVN_200,
rdx_alias_670,Vevčani,,rdx_city_MKD_1,
rdx_alias_671,Vị Thanh,,rdx_city_VNM_45,
rdx_alias_672,Viesīte,,rdx_city_LVA_55,
rdx_alias_673,Việt Trì,,rdx_city_VNM_46,
rdx_alias_674,Viļaka,,rdx_city_LVA_39,
rdx_alias_675,Viļāni,,rdx_city_LVA_46,
rdx_alias_676,Vilkaviškis,,rdx_city_LTU_42,
rdx_alias_677,Villa Ángela,,rdx_city_ARG_103,
rdx_alias_678,Villa Constitución,,rdx_city_ARG_150,
rdx_alias_679,Villa María,,rdx_city_ARG_69,
rdx_alias_680,Villa Unión,,rdx_city_MEX_29,
rdx_alias_681,Vĩnh Long,,rdx_city_VNM_37,
rdx_alias_682,Vĩnh Yên,,rdx_city_VNM_16,
rdx_alias_683,Vladičin Han,,rdx_city_SRB_129,
rdx_alias_684,Vlorë,,rdx_city_ALB_26,
rdx_alias_685,Volčja Draga,,rdx_city_SVN_12,
rdx_alias_686,Vrapčište,,rdx_city_MKD_44,
rdx_alias_687,Vrnjačka Banja,,rdx_city_SRB_27,
rdx_alias_688,Vršac,,rdx_city_SRB_64,
rdx_alias_689,Wé,,rdx_city_NCL_2,
rdx_alias_690,Wrocław,,rdx_city_POL_3,
rdx_alias_691,Xagħra,,rdx_city_MLT_41,
rdx_alias_692,Xgħajra,,rdx_city_MLT_42,
rdx_alias_693,Yélimané,,rdx_city_MLI_25,
rdx_alias_694,Yên Bái,,rdx_city_VNM_28,
rdx_alias_695,Ygatimí,,rdx_city_PRY_37,
rdx_alias_696,Ypacaraí,,rdx_city_PRY_34,
rdx_alias_697,Žabalj,,rdx_city_SRB_120,
rdx_alias_698,Žabari,,rdx_city_SRB_119,
rdx_alias_699,Żabbar,,rdx_city_MLT_21,
rdx_alias_700,Zabīd,,rdx_city_YEM_23,
rdx_alias_701,Žabljak,,rdx_city_MNE_23,
rdx_alias_702,Žagubica,,rdx_city_SRB_16,
rdx_alias_703,Zahlé,,rdx_city_LBN_2,
rdx_alias_704,Zaječar,,rdx_city_SRB_9,
rdx_alias_705,Zalău,,rdx_city_ROU_34,
rdx_alias_706,Žalec,,rdx_city_SVN_193,
rdx_alias_707,Zárate,,rdx_city_ARG_120,
rdx_alias_708,Zavrč,,rdx_city_SVN_189,
rdx_alias_709,Żebbuġ,,rdx_city_MLT_9,
rdx_alias_710,Żebbuġ,,rdx_city_MLT_43,
rdx_alias_711,Żejtun,,rdx_city_MLT_6,
rdx_alias_712,Železniki,,rdx_city_SVN_190,
rdx_alias_713,Želino,,rdx_city_MKD_37,
rdx_alias_714,Žetale,,rdx_city_SVN_194,
rdx_alias_715,Zielona Góra,,rdx_city_POL_6,
rdx_alias_716,Žilina,,rdx_city_SVK_1,
rdx_alias_717,Zinjibār,,rdx_city_YEM_16,
rdx_alias_718,Žiri,,rdx_city_SVN_201,
rdx_alias_719,Žirovnica,,rdx_city_SVN_195,
rdx_alias_720,Žitište,,rdx_city_SRB_118,
rdx_alias_721,Žitorađa,,rdx_city_SRB_132,
rdx_alias_722,Zreče,,rdx_city_SVN_202,
rdx_alias_723,Żurrieq,,rdx_city_MLT_17,
rdx_alias_724,Žužemberk,,rdx_city_SVN_196,
rdx_alias_725,Zveçan,,rdx_city_XKS_31,
rdx_alias_726,West Java,,,base.state_id_jb
rdx_alias_727,Central Java,,,base.state_id_jt
rdx_alias_728,West Sulawesi,,,base.state_id_sr
rdx_alias_729,East Nusa Tenggara ,,,base.state_id_nt
rdx_alias_730,East Java,,,base.state_id_ji
rdx_alias_731,North Sumatra,,,base.state_id_su
rdx_alias_732,South Sulawesi,,,base.state_id_sn
rdx_alias_733,Central Sulawesi,,,base.state_id_st
rdx_alias_734,West Nusa Tenggara,,,base.state_id_nb
rdx_alias_735,South East Sulawesi,,,base.state_id_sg
rdx_alias_736,North Maluku,,,base.state_id_mu
rdx_alias_737,South Sumatra,,,base.state_id_ss
rdx_alias_738,North Sulawesi,,,base.state_id_sa
rdx_alias_739,West Borneo,,,base.state_id_sb
rdx_alias_740,Central Borneo,,,base.state_id_kt
rdx_alias_741,South Borneo,,,base.state_id_ks
rdx_alias_742,East Borneo,,,base.state_id_ki
rdx_alias_743,West Papua,,,base.state_id_pb
rdx_alias_744,North Borneo,,,base.state_id_ku
rdx_alias_745,West Borneo,,,base.state_id_kb
rdx_alias_746,Ho Chi Minh City,,rdx_city_VNM_32,
rdx_alias_747,Saigon,,rdx_city_VNM_32,
rdx_alias_748,Makassar,,rdx_city_IDN_90,
rdx_alias_749,Bandar Labuan,,rdx_city_MYS_5,
rdx_alias_750,Melaka,,rdx_city_MYS_26,
rdx_alias_751,Baguio,,rdx_city_PHL_13,
rdx_alias_752,Chonburi,,rdx_city_THA_6,
rdx_alias_753,Phang-nga,,rdx_city_THA_31,
rdx_alias_754,Rangoon,,rdx_city_MMR_1,
rdx_alias_755,Yangon,,rdx_city_MMR_1,
rdx_alias_756,England,base.gb,,
rdx_alias_757,Great Britain,base.gb,,
